possession,passing_accuracy,shots_on_target,saves,tackles,fouls,interceptions,goal_kicks,corners,crosses
0.5000175438596491,0.7603596491228071,4.078508771929824,2.8206140350877194,16.674561403508772,12.016228070175439,8.759649122807017,6.772368421052631,5.1078947368421055,12.390350877192983
0.12966353099912234,0.07680090770582265,2.4348481462992897,1.9337300493250513,5.44761836587923,3.8783248080073243,4.823657331561166,3.488506140504285,2.9380637118491117,5.6257002573597115
